family,contract,metric,scope,hpxml_element,hpxml_subtype,hpxml_target_field,mapping,hpxml_verification,hpxml_required,h2k_path,h2k_verification,notes,reference_url
air_conditioning,CoolingPerformance,coolingCapacity,EQUIPMENT_EVIDENCE,CoolingSystem,central air conditioner,CoolingCapacity,DIRECT_IF_RATING_CONDITIONS_MATCH,HPXML_DOC_CONFIRMED,CONTEXT_DEPENDENT,,PENDING_LOCAL_XML_TRANSLATOR_AUDIT,Rated cooling output at 95F; distinguish nominal from max; capacity is optional/autosized. Unit Btu/hr.,https://openstudio-hpxml.readthedocs.io/en/latest/workflow_inputs.html
air_conditioning,CoolingPerformance,seer2,EQUIPMENT_EVIDENCE,CoolingSystem,central air conditioner,"AnnualCoolingEfficiency[Units=""SEER2""]/Value",DIRECT_WITH_RATING_BASIS,HPXML_DOC_CONFIRMED,YES_FOR_CENTRAL_AC,,PENDING_LOCAL_XML_TRANSLATOR_AUDIT,Requires edition and compatible unit Btu/Wh. Different air conditioner subtypes require separate mapping.,https://openstudio-hpxml.readthedocs.io/en/latest/workflow_inputs.html
air_conditioning,CoolingPerformance,eer2,EQUIPMENT_EVIDENCE,CoolingSystem,central air conditioner,"AnnualCoolingEfficiency[Units=""EER2""]/Value",DIRECT_WITH_RATING_BASIS,HPXML_DOC_CONFIRMED,CONTEXT_DEPENDENT,,PENDING_LOCAL_XML_TRANSLATOR_AUDIT,Optional for central AC; do not derive silently.,https://openstudio-hpxml.readthedocs.io/en/latest/workflow_inputs.html
air_source_heat_pump,HeatPumpPerformance,heatingCapacity,EQUIPMENT_EVIDENCE,HeatPump,air-to-air or mini-split,HeatingCapacity,CONDITIONAL_47F_NOMINAL,HPXML_DOC_CONFIRMED,CONTEXT_DEPENDENT,,PENDING_LOCAL_XML_TRANSLATOR_AUDIT,Only 47F nominal corresponds to the scalar; other temps/levels map to detailed performance points; do not map maximum to nominal.,https://openstudio-hpxml.readthedocs.io/en/latest/workflow_inputs.html
air_source_heat_pump,HeatPumpPerformance,heatingCapacity,EQUIPMENT_EVIDENCE,HeatPump,air-to-air or mini-split,HeatingCapacity17F,CONDITIONAL_17F_NOMINAL,HPXML_DOC_CONFIRMED,CONTEXT_DEPENDENT,,PENDING_LOCAL_XML_TRANSLATOR_AUDIT,Only 17F nominal if consistent with the 47F nominal capacity. Optional scalar.,https://openstudio-hpxml.readthedocs.io/en/latest/workflow_inputs.html
air_source_heat_pump,HeatPumpPerformance,heatingCapacity,EQUIPMENT_EVIDENCE,HeatPump,air-to-air or mini-split,HeatingDetailedPerformanceData/PerformanceDataPoint/Capacity,DETAIL_POINTS_RESTRICTED,HPXML_DOC_CONFIRMED,CONTEXT_DEPENDENT,,PENDING_LOCAL_XML_TRANSLATOR_AUDIT,"Point requires outdoor temperature and minimum/nominal/maximum; accepted heating temps: 47F,17F,5F, plus one <5F. Target combinations and completeness rules apply.",https://openstudio-hpxml.readthedocs.io/en/latest/workflow_inputs.html
air_source_heat_pump,HeatPumpPerformance,cop,EQUIPMENT_EVIDENCE,HeatPump,air-to-air or mini-split,"HeatingDetailedPerformanceData/PerformanceDataPoint/Efficiency[Units=""COP""]/Value",CONDITIONAL_SAME_POINT,HPXML_DOC_CONFIRMED,CONTEXT_DEPENDENT,,PENDING_LOCAL_XML_TRANSLATOR_AUDIT,COP must correspond to same temperature and operating level; source rating basis must exclude unintended defrost/heater effects.,https://openstudio-hpxml.readthedocs.io/en/latest/workflow_inputs.html
air_source_heat_pump,HeatPumpPerformance,hspf2,EQUIPMENT_EVIDENCE,HeatPump,air-to-air or mini-split,"AnnualHeatingEfficiency[Units=""HSPF2""]/Value",DIRECT_WITH_RATING_BASIS,HPXML_DOC_CONFIRMED,CONTEXT_DEPENDENT,,PENDING_LOCAL_XML_TRANSLATOR_AUDIT,Seasonal rating required in basic representation; detailed heating data may cause seasonal inputs to be ignored in the calculation.,https://openstudio-hpxml.readthedocs.io/en/latest/workflow_inputs.html
air_source_heat_pump,HeatPumpPerformance,coolingCapacity,EQUIPMENT_EVIDENCE,HeatPump,air-to-air or mini-split,CoolingCapacity,CONDITIONAL_95F_RATING,HPXML_DOC_CONFIRMED,CONTEXT_DEPENDENT,,PENDING_LOCAL_XML_TRANSLATOR_AUDIT,Scalar cooling output at 95F. Other cooling point conditions require cooling-detailed mapping.,https://openstudio-hpxml.readthedocs.io/en/latest/workflow_inputs.html
air_source_heat_pump,CoolingPerformance,seer2,EQUIPMENT_EVIDENCE,HeatPump,air-to-air or mini-split,"AnnualCoolingEfficiency[Units=""SEER2""]/Value",DIRECT_WITH_RATING_BASIS,HPXML_DOC_CONFIRMED,CONTEXT_DEPENDENT,,PENDING_LOCAL_XML_TRANSLATOR_AUDIT,Present in HPXML HeatPump; current 0.1 family registry does NOT list CoolingPerformance for ASHP? check local registry (it does).,https://openstudio-hpxml.readthedocs.io/en/latest/workflow_inputs.html
air_source_heat_pump,CoolingPerformance,eer2,EQUIPMENT_EVIDENCE,HeatPump,air-to-air or mini-split,"AnnualCoolingEfficiency[Units=""EER2""]/Value",DIRECT_WITH_RATING_BASIS,HPXML_DOC_CONFIRMED,CONTEXT_DEPENDENT,,PENDING_LOCAL_XML_TRANSLATOR_AUDIT,Optional EER2; do not infer from SEER2.,https://openstudio-hpxml.readthedocs.io/en/latest/workflow_inputs.html
residential_furnace,CombustionHeatingPerformance,afue,EQUIPMENT_EVIDENCE,HeatingSystem,Furnace,"AnnualHeatingEfficiency[Units=""AFUE""]/Value",DIRECT_PERCENT_TO_FRACTION_IF_NEEDED,HPXML_DOC_CONFIRMED,YES,,PENDING_LOCAL_XML_TRANSLATOR_AUDIT,Target is fractional efficiency 0-1; keep rating basis and original percent separately.,https://openstudio-hpxml.readthedocs.io/en/latest/workflow_inputs.html
residential_furnace,CombustionHeatingPerformance,fuelType,EQUIPMENT_EVIDENCE,HeatingSystem,Furnace,HeatingSystemFuel,ENUM_MAPPING,HPXML_DOC_CONFIRMED,YES,,PENDING_LOCAL_XML_TRANSLATOR_AUDIT,Only map source fuel to enumerated target fuel when unambiguous.,https://openstudio-hpxml.readthedocs.io/en/latest/workflow_inputs.html
residential_furnace,CombustionHeatingPerformance,heatingOutputCapacity,EQUIPMENT_EVIDENCE,HeatingSystem,Furnace,HeatingCapacity,DIRECT_IF_OUTPUT_CAPACITY,HPXML_DOC_CONFIRMED,CONTEXT_DEPENDENT,,PENDING_LOCAL_XML_TRANSLATOR_AUDIT,"This is OUTPUT heat capacity (Btu/hr), not burner input.",https://openstudio-hpxml.readthedocs.io/en/latest/workflow_inputs.html
residential_furnace,CombustionHeatingPerformance,heatingInputCapacity,EQUIPMENT_EVIDENCE,HeatingSystem,Furnace,,NO_DIRECT_OUTPUT_CAPACITY_FIELD,NO_DIRECT_FIELD_IN_DOCUMENTED_SYSTEM,CONTEXT_DEPENDENT,,PENDING_LOCAL_XML_TRANSLATOR_AUDIT,Fuel INPUT rating must NOT be placed into HeatingCapacity. Retain source observation; examine target optional extensions separately.,https://openstudio-hpxml.readthedocs.io/en/latest/workflow_inputs.html
residential_boiler,CombustionHeatingPerformance,afue,EQUIPMENT_EVIDENCE,HeatingSystem,Boiler,"AnnualHeatingEfficiency[Units=""AFUE""]/Value",DIRECT_PERCENT_TO_FRACTION_IF_NEEDED,HPXML_DOC_CONFIRMED,YES,,PENDING_LOCAL_XML_TRANSLATOR_AUDIT,Target is fractional efficiency 0-1; keep rating basis and original percent separately.,https://openstudio-hpxml.readthedocs.io/en/latest/workflow_inputs.html
residential_boiler,CombustionHeatingPerformance,fuelType,EQUIPMENT_EVIDENCE,HeatingSystem,Boiler,HeatingSystemFuel,ENUM_MAPPING,HPXML_DOC_CONFIRMED,YES,,PENDING_LOCAL_XML_TRANSLATOR_AUDIT,Only map source fuel to enumerated target fuel when unambiguous.,https://openstudio-hpxml.readthedocs.io/en/latest/workflow_inputs.html
residential_boiler,CombustionHeatingPerformance,heatingOutputCapacity,EQUIPMENT_EVIDENCE,HeatingSystem,Boiler,HeatingCapacity,DIRECT_IF_OUTPUT_CAPACITY,HPXML_DOC_CONFIRMED,CONTEXT_DEPENDENT,,PENDING_LOCAL_XML_TRANSLATOR_AUDIT,"This is OUTPUT heat capacity (Btu/hr), not burner input.",https://openstudio-hpxml.readthedocs.io/en/latest/workflow_inputs.html
residential_boiler,CombustionHeatingPerformance,heatingInputCapacity,EQUIPMENT_EVIDENCE,HeatingSystem,Boiler,,NO_DIRECT_OUTPUT_CAPACITY_FIELD,NO_DIRECT_FIELD_IN_DOCUMENTED_SYSTEM,CONTEXT_DEPENDENT,,PENDING_LOCAL_XML_TRANSLATOR_AUDIT,Fuel INPUT rating must NOT be placed into HeatingCapacity. Retain source observation; examine target optional extensions separately.,https://openstudio-hpxml.readthedocs.io/en/latest/workflow_inputs.html
residential_water_heater,WaterHeatingPerformance,uef,EQUIPMENT_EVIDENCE,WaterHeatingSystem,storage water heater (other types vary),UniformEnergyFactor,DIRECT_BY_WATER_HEATER_SUBTYPE,HPXML_DOC_CONFIRMED,CONTEXT_DEPENDENT,,PENDING_LOCAL_XML_TRANSLATOR_AUDIT,Preserve draw bin/test standard and ensure water heater subtype supports the UEF range; do not convert from EF.,https://openstudio-hpxml.readthedocs.io/en/latest/workflow_inputs.html
residential_water_heater,WaterHeatingPerformance,ef,EQUIPMENT_EVIDENCE,WaterHeatingSystem,storage water heater (other types vary),EnergyFactor,DIRECT_BY_WATER_HEATER_SUBTYPE,HPXML_DOC_CONFIRMED,CONTEXT_DEPENDENT,,PENDING_LOCAL_XML_TRANSLATOR_AUDIT,Do not convert EF to UEF; some water-heater types support separate UEF ranges.,https://openstudio-hpxml.readthedocs.io/en/latest/workflow_inputs.html
residential_water_heater,WaterHeatingPerformance,drawPattern,EQUIPMENT_EVIDENCE,WaterHeatingSystem,storage water heater (other types vary),UsageBin,VOCABULARY_MAPPING,HPXML_DOC_CONFIRMED,CONTEXT_DEPENDENT,,PENDING_LOCAL_XML_TRANSLATOR_AUDIT,UsageBin is not interchangeable with FirstHourRating; source draw pattern must be translated only if the target enum matches.,https://openstudio-hpxml.readthedocs.io/en/latest/workflow_inputs.html
residential_water_heater,WaterHeatingPerformance,storageVolume,EQUIPMENT_EVIDENCE,WaterHeatingSystem,storage water heater (other types vary),TankVolume,UNIT_CONVERSION,HPXML_DOC_CONFIRMED,CONTEXT_DEPENDENT,,PENDING_LOCAL_XML_TRANSLATOR_AUDIT,US gallons expected; verify nominal vs usable storage and applicable subtype.,https://openstudio-hpxml.readthedocs.io/en/latest/workflow_inputs.html
residential_water_heater,WaterHeatingPerformance,firstHourRating,EQUIPMENT_EVIDENCE,WaterHeatingSystem,storage water heater (other types vary),FirstHourRating,UNIT_CONVERSION,HPXML_DOC_CONFIRMED,CONTEXT_DEPENDENT,,PENDING_LOCAL_XML_TRANSLATOR_AUDIT,"US gallons/hour expected, optional on conventional storage; not automatically a measure of recovery.",https://openstudio-hpxml.readthedocs.io/en/latest/workflow_inputs.html
residential_water_heater,WaterHeatingPerformance,recoveryEfficiency,EQUIPMENT_EVIDENCE,WaterHeatingSystem,storage water heater (other types vary),RecoveryEfficiency,DIRECT_WITH_BASIS,HPXML_DOC_CONFIRMED,CONTEXT_DEPENDENT,,PENDING_LOCAL_XML_TRANSLATOR_AUDIT,Optional for conventional storage; fractional value.,https://openstudio-hpxml.readthedocs.io/en/latest/workflow_inputs.html
residential_water_heater,WaterHeatingPerformance,heatingInputCapacity,EQUIPMENT_EVIDENCE,WaterHeatingSystem,storage water heater (other types vary),HeatingCapacity,SPECIAL_TARGET_SEMANTICS,HPXML_DOC_CONFIRMED,CONTEXT_DEPENDENT,,PENDING_LOCAL_XML_TRANSLATOR_AUDIT,"In WATER HEATING only, HeatingCapacity is documented as INPUT capacity (contrast space-heating systems).",https://openstudio-hpxml.readthedocs.io/en/latest/workflow_inputs.html
residential_water_heater,WaterHeatingPerformance,fuelType,EQUIPMENT_EVIDENCE,WaterHeatingSystem,storage water heater (other types vary),FuelType,ENUM_MAPPING,HPXML_DOC_CONFIRMED,CONTEXT_DEPENDENT,,PENDING_LOCAL_XML_TRANSLATOR_AUDIT,Must be compatible with selected water heater subtype.,https://openstudio-hpxml.readthedocs.io/en/latest/workflow_inputs.html
geothermal_water_source_heat_pump,GroundSourcePerformance,heatingCapacity,EQUIPMENT_EVIDENCE,HeatPump,ground-to-air / water-loop-to-air,HeatingCapacity,DIRECT_IF_RATING_BASIS_COMPATIBLE,HPXML_DOC_CONFIRMED,CONTEXT_DEPENDENT,,PENDING_LOCAL_XML_TRANSLATOR_AUDIT,Ground-to-air/water-loop-to-air have distinct semantics; check rated condition vs sim input.,https://openstudio-hpxml.readthedocs.io/en/latest/workflow_inputs.html
geothermal_water_source_heat_pump,GroundSourcePerformance,coolingCapacity,EQUIPMENT_EVIDENCE,HeatPump,ground-to-air / water-loop-to-air,CoolingCapacity,DIRECT_IF_RATING_BASIS_COMPATIBLE,HPXML_DOC_CONFIRMED,CONTEXT_DEPENDENT,,PENDING_LOCAL_XML_TRANSLATOR_AUDIT,Ground-to-air/water-loop-to-air have distinct semantics.,https://openstudio-hpxml.readthedocs.io/en/latest/workflow_inputs.html
geothermal_water_source_heat_pump,GroundSourcePerformance,cop,EQUIPMENT_EVIDENCE,HeatPump,ground-to-air / water-loop-to-air,"AnnualHeatingEfficiency[Units=""COP""]/Value",CONDITIONAL_RATING_BASIS,HPXML_DOC_CONFIRMED,CONTEXT_DEPENDENT,,PENDING_LOCAL_XML_TRANSLATOR_AUDIT,COP is in source at specific entering-water temp; scalar target does not preserve whole test curve.,https://openstudio-hpxml.readthedocs.io/en/latest/workflow_inputs.html
geothermal_water_source_heat_pump,GroundSourcePerformance,eer,EQUIPMENT_EVIDENCE,HeatPump,ground-to-air / water-loop-to-air,"AnnualCoolingEfficiency[Units=""EER""]/Value",CONDITIONAL_RATING_BASIS,HPXML_DOC_CONFIRMED,CONTEXT_DEPENDENT,,PENDING_LOCAL_XML_TRANSLATOR_AUDIT,EER ratings depend on test method and source-side condition.,https://openstudio-hpxml.readthedocs.io/en/latest/workflow_inputs.html
geothermal_water_source_heat_pump,GroundSourcePerformance,enteringWaterTemperature,EQUIPMENT_EVIDENCE,HeatPump,ground-to-air / water-loop-to-air,,NO_DIRECT_SCALAR,NO_DIRECT_FIELD_IN_DOCUMENTED_SYSTEM,CONTEXT_DEPENDENT,,PENDING_LOCAL_XML_TRANSLATOR_AUDIT,"Preserve as observation test condition, not a fixed HPXML unit attribute.",https://openstudio-hpxml.readthedocs.io/en/latest/workflow_inputs.html
geothermal_water_source_heat_pump,GroundSourcePerformance,loopFlowRate,EQUIPMENT_EVIDENCE,GeothermalLoop,ground-to-air,LoopFlow,CONDITIONAL_GEOTHERMAL_LOOP,HPXML_DOC_CONFIRMED_CONDITIONAL,CONTEXT_DEPENDENT,,PENDING_LOCAL_XML_TRANSLATOR_AUDIT,Only installed-loop flow if available; do not substitute AHRI rating-test flow.,https://openstudio-hpxml.readthedocs.io/en/latest/workflow_inputs.html
air_conditioning,SCENARIO_ASSEMBLY,,SCENARIO_ASSEMBLY,CoolingSystem,central air conditioner,SystemIdentifier,SCENARIO_INPUT_NOT_SUPPLY_OBSERVATION,HPXML_DOC_CONFIRMED,VARIES_BY_SUBTYPE,,PENDING_LOCAL_XML_TRANSLATOR_AUDIT,Do not add to source-normalized technical evidence. Supply catalog cannot infer installed-building state.,https://openstudio-hpxml.readthedocs.io/en/latest/workflow_inputs.html
air_conditioning,SCENARIO_ASSEMBLY,,SCENARIO_ASSEMBLY,CoolingSystem,central air conditioner,CoolingSystemType,SCENARIO_INPUT_NOT_SUPPLY_OBSERVATION,HPXML_DOC_CONFIRMED,VARIES_BY_SUBTYPE,,PENDING_LOCAL_XML_TRANSLATOR_AUDIT,Do not add to source-normalized technical evidence. Supply catalog cannot infer installed-building state.,https://openstudio-hpxml.readthedocs.io/en/latest/workflow_inputs.html
air_conditioning,SCENARIO_ASSEMBLY,,SCENARIO_ASSEMBLY,CoolingSystem,central air conditioner,DistributionSystem,SCENARIO_INPUT_NOT_SUPPLY_OBSERVATION,HPXML_DOC_CONFIRMED,VARIES_BY_SUBTYPE,,PENDING_LOCAL_XML_TRANSLATOR_AUDIT,Do not add to source-normalized technical evidence. Supply catalog cannot infer installed-building state.,https://openstudio-hpxml.readthedocs.io/en/latest/workflow_inputs.html
air_conditioning,SCENARIO_ASSEMBLY,,SCENARIO_ASSEMBLY,CoolingSystem,central air conditioner,CompressorType,SCENARIO_INPUT_NOT_SUPPLY_OBSERVATION,HPXML_DOC_CONFIRMED,VARIES_BY_SUBTYPE,,PENDING_LOCAL_XML_TRANSLATOR_AUDIT,Do not add to source-normalized technical evidence. Supply catalog cannot infer installed-building state.,https://openstudio-hpxml.readthedocs.io/en/latest/workflow_inputs.html
air_conditioning,SCENARIO_ASSEMBLY,,SCENARIO_ASSEMBLY,CoolingSystem,central air conditioner,FractionCoolLoadServed,SCENARIO_INPUT_NOT_SUPPLY_OBSERVATION,HPXML_DOC_CONFIRMED,VARIES_BY_SUBTYPE,,PENDING_LOCAL_XML_TRANSLATOR_AUDIT,Do not add to source-normalized technical evidence. Supply catalog cannot infer installed-building state.,https://openstudio-hpxml.readthedocs.io/en/latest/workflow_inputs.html
air_source_heat_pump,SCENARIO_ASSEMBLY,,SCENARIO_ASSEMBLY,HeatPump,air-to-air / mini-split,SystemIdentifier,SCENARIO_INPUT_NOT_SUPPLY_OBSERVATION,HPXML_DOC_CONFIRMED,VARIES_BY_SUBTYPE,,PENDING_LOCAL_XML_TRANSLATOR_AUDIT,Do not add to source-normalized technical evidence. Supply catalog cannot infer installed-building state.,https://openstudio-hpxml.readthedocs.io/en/latest/workflow_inputs.html
air_source_heat_pump,SCENARIO_ASSEMBLY,,SCENARIO_ASSEMBLY,HeatPump,air-to-air / mini-split,HeatPumpType,SCENARIO_INPUT_NOT_SUPPLY_OBSERVATION,HPXML_DOC_CONFIRMED,VARIES_BY_SUBTYPE,,PENDING_LOCAL_XML_TRANSLATOR_AUDIT,Do not add to source-normalized technical evidence. Supply catalog cannot infer installed-building state.,https://openstudio-hpxml.readthedocs.io/en/latest/workflow_inputs.html
air_source_heat_pump,SCENARIO_ASSEMBLY,,SCENARIO_ASSEMBLY,HeatPump,air-to-air / mini-split,CompressorType,SCENARIO_INPUT_NOT_SUPPLY_OBSERVATION,HPXML_DOC_CONFIRMED,VARIES_BY_SUBTYPE,,PENDING_LOCAL_XML_TRANSLATOR_AUDIT,Do not add to source-normalized technical evidence. Supply catalog cannot infer installed-building state.,https://openstudio-hpxml.readthedocs.io/en/latest/workflow_inputs.html
air_source_heat_pump,SCENARIO_ASSEMBLY,,SCENARIO_ASSEMBLY,HeatPump,air-to-air / mini-split,DistributionSystem,SCENARIO_INPUT_NOT_SUPPLY_OBSERVATION,HPXML_DOC_CONFIRMED,VARIES_BY_SUBTYPE,,PENDING_LOCAL_XML_TRANSLATOR_AUDIT,Do not add to source-normalized technical evidence. Supply catalog cannot infer installed-building state.,https://openstudio-hpxml.readthedocs.io/en/latest/workflow_inputs.html
air_source_heat_pump,SCENARIO_ASSEMBLY,,SCENARIO_ASSEMBLY,HeatPump,air-to-air / mini-split,FractionHeatLoadServed,SCENARIO_INPUT_NOT_SUPPLY_OBSERVATION,HPXML_DOC_CONFIRMED,VARIES_BY_SUBTYPE,,PENDING_LOCAL_XML_TRANSLATOR_AUDIT,Do not add to source-normalized technical evidence. Supply catalog cannot infer installed-building state.,https://openstudio-hpxml.readthedocs.io/en/latest/workflow_inputs.html
air_source_heat_pump,SCENARIO_ASSEMBLY,,SCENARIO_ASSEMBLY,HeatPump,air-to-air / mini-split,FractionCoolLoadServed,SCENARIO_INPUT_NOT_SUPPLY_OBSERVATION,HPXML_DOC_CONFIRMED,VARIES_BY_SUBTYPE,,PENDING_LOCAL_XML_TRANSLATOR_AUDIT,Do not add to source-normalized technical evidence. Supply catalog cannot infer installed-building state.,https://openstudio-hpxml.readthedocs.io/en/latest/workflow_inputs.html
air_source_heat_pump,SCENARIO_ASSEMBLY,,SCENARIO_ASSEMBLY,HeatPump,air-to-air / mini-split,BackupType,SCENARIO_INPUT_NOT_SUPPLY_OBSERVATION,HPXML_DOC_CONFIRMED,VARIES_BY_SUBTYPE,,PENDING_LOCAL_XML_TRANSLATOR_AUDIT,Do not add to source-normalized technical evidence. Supply catalog cannot infer installed-building state.,https://openstudio-hpxml.readthedocs.io/en/latest/workflow_inputs.html
air_source_heat_pump,SCENARIO_ASSEMBLY,,SCENARIO_ASSEMBLY,HeatPump,air-to-air / mini-split,CompressorLockoutTemperature,SCENARIO_INPUT_NOT_SUPPLY_OBSERVATION,HPXML_DOC_CONFIRMED,VARIES_BY_SUBTYPE,,PENDING_LOCAL_XML_TRANSLATOR_AUDIT,Do not add to source-normalized technical evidence. Supply catalog cannot infer installed-building state.,https://openstudio-hpxml.readthedocs.io/en/latest/workflow_inputs.html
residential_furnace,SCENARIO_ASSEMBLY,,SCENARIO_ASSEMBLY,HeatingSystem,Furnace,SystemIdentifier,SCENARIO_INPUT_NOT_SUPPLY_OBSERVATION,HPXML_DOC_CONFIRMED,VARIES_BY_SUBTYPE,,PENDING_LOCAL_XML_TRANSLATOR_AUDIT,Do not add to source-normalized technical evidence. Supply catalog cannot infer installed-building state.,https://openstudio-hpxml.readthedocs.io/en/latest/workflow_inputs.html
residential_furnace,SCENARIO_ASSEMBLY,,SCENARIO_ASSEMBLY,HeatingSystem,Furnace,HeatingSystemType/Furnace,SCENARIO_INPUT_NOT_SUPPLY_OBSERVATION,HPXML_DOC_CONFIRMED,VARIES_BY_SUBTYPE,,PENDING_LOCAL_XML_TRANSLATOR_AUDIT,Do not add to source-normalized technical evidence. Supply catalog cannot infer installed-building state.,https://openstudio-hpxml.readthedocs.io/en/latest/workflow_inputs.html
residential_furnace,SCENARIO_ASSEMBLY,,SCENARIO_ASSEMBLY,HeatingSystem,Furnace,DistributionSystem,SCENARIO_INPUT_NOT_SUPPLY_OBSERVATION,HPXML_DOC_CONFIRMED,VARIES_BY_SUBTYPE,,PENDING_LOCAL_XML_TRANSLATOR_AUDIT,Do not add to source-normalized technical evidence. Supply catalog cannot infer installed-building state.,https://openstudio-hpxml.readthedocs.io/en/latest/workflow_inputs.html
residential_furnace,SCENARIO_ASSEMBLY,,SCENARIO_ASSEMBLY,HeatingSystem,Furnace,FractionHeatLoadServed,SCENARIO_INPUT_NOT_SUPPLY_OBSERVATION,HPXML_DOC_CONFIRMED,VARIES_BY_SUBTYPE,,PENDING_LOCAL_XML_TRANSLATOR_AUDIT,Do not add to source-normalized technical evidence. Supply catalog cannot infer installed-building state.,https://openstudio-hpxml.readthedocs.io/en/latest/workflow_inputs.html
residential_boiler,SCENARIO_ASSEMBLY,,SCENARIO_ASSEMBLY,HeatingSystem,Boiler,SystemIdentifier,SCENARIO_INPUT_NOT_SUPPLY_OBSERVATION,HPXML_DOC_CONFIRMED,VARIES_BY_SUBTYPE,,PENDING_LOCAL_XML_TRANSLATOR_AUDIT,Do not add to source-normalized technical evidence. Supply catalog cannot infer installed-building state.,https://openstudio-hpxml.readthedocs.io/en/latest/workflow_inputs.html
residential_boiler,SCENARIO_ASSEMBLY,,SCENARIO_ASSEMBLY,HeatingSystem,Boiler,HeatingSystemType/Boiler,SCENARIO_INPUT_NOT_SUPPLY_OBSERVATION,HPXML_DOC_CONFIRMED,VARIES_BY_SUBTYPE,,PENDING_LOCAL_XML_TRANSLATOR_AUDIT,Do not add to source-normalized technical evidence. Supply catalog cannot infer installed-building state.,https://openstudio-hpxml.readthedocs.io/en/latest/workflow_inputs.html
residential_boiler,SCENARIO_ASSEMBLY,,SCENARIO_ASSEMBLY,HeatingSystem,Boiler,DistributionSystem,SCENARIO_INPUT_NOT_SUPPLY_OBSERVATION,HPXML_DOC_CONFIRMED,VARIES_BY_SUBTYPE,,PENDING_LOCAL_XML_TRANSLATOR_AUDIT,Do not add to source-normalized technical evidence. Supply catalog cannot infer installed-building state.,https://openstudio-hpxml.readthedocs.io/en/latest/workflow_inputs.html
residential_boiler,SCENARIO_ASSEMBLY,,SCENARIO_ASSEMBLY,HeatingSystem,Boiler,FractionHeatLoadServed,SCENARIO_INPUT_NOT_SUPPLY_OBSERVATION,HPXML_DOC_CONFIRMED,VARIES_BY_SUBTYPE,,PENDING_LOCAL_XML_TRANSLATOR_AUDIT,Do not add to source-normalized technical evidence. Supply catalog cannot infer installed-building state.,https://openstudio-hpxml.readthedocs.io/en/latest/workflow_inputs.html
residential_boiler,SCENARIO_ASSEMBLY,,SCENARIO_ASSEMBLY,HeatingSystem,Boiler,ElectricAuxiliaryEnergy,SCENARIO_INPUT_NOT_SUPPLY_OBSERVATION,HPXML_DOC_CONFIRMED,VARIES_BY_SUBTYPE,,PENDING_LOCAL_XML_TRANSLATOR_AUDIT,Do not add to source-normalized technical evidence. Supply catalog cannot infer installed-building state.,https://openstudio-hpxml.readthedocs.io/en/latest/workflow_inputs.html
residential_water_heater,SCENARIO_ASSEMBLY,,SCENARIO_ASSEMBLY,WaterHeatingSystem,storage water heater,SystemIdentifier,SCENARIO_INPUT_NOT_SUPPLY_OBSERVATION,HPXML_DOC_CONFIRMED,VARIES_BY_SUBTYPE,,PENDING_LOCAL_XML_TRANSLATOR_AUDIT,Do not add to source-normalized technical evidence. Supply catalog cannot infer installed-building state.,https://openstudio-hpxml.readthedocs.io/en/latest/workflow_inputs.html
residential_water_heater,SCENARIO_ASSEMBLY,,SCENARIO_ASSEMBLY,WaterHeatingSystem,storage water heater,WaterHeaterType,SCENARIO_INPUT_NOT_SUPPLY_OBSERVATION,HPXML_DOC_CONFIRMED,VARIES_BY_SUBTYPE,,PENDING_LOCAL_XML_TRANSLATOR_AUDIT,Do not add to source-normalized technical evidence. Supply catalog cannot infer installed-building state.,https://openstudio-hpxml.readthedocs.io/en/latest/workflow_inputs.html
residential_water_heater,SCENARIO_ASSEMBLY,,SCENARIO_ASSEMBLY,WaterHeatingSystem,storage water heater,FractionDHWLoadServed,SCENARIO_INPUT_NOT_SUPPLY_OBSERVATION,HPXML_DOC_CONFIRMED,VARIES_BY_SUBTYPE,,PENDING_LOCAL_XML_TRANSLATOR_AUDIT,Do not add to source-normalized technical evidence. Supply catalog cannot infer installed-building state.,https://openstudio-hpxml.readthedocs.io/en/latest/workflow_inputs.html
residential_water_heater,SCENARIO_ASSEMBLY,,SCENARIO_ASSEMBLY,WaterHeatingSystem,storage water heater,Location,SCENARIO_INPUT_NOT_SUPPLY_OBSERVATION,HPXML_DOC_CONFIRMED,VARIES_BY_SUBTYPE,,PENDING_LOCAL_XML_TRANSLATOR_AUDIT,Do not add to source-normalized technical evidence. Supply catalog cannot infer installed-building state.,https://openstudio-hpxml.readthedocs.io/en/latest/workflow_inputs.html
residential_water_heater,SCENARIO_ASSEMBLY,,SCENARIO_ASSEMBLY,WaterHeatingSystem,storage water heater,HotWaterTemperature,SCENARIO_INPUT_NOT_SUPPLY_OBSERVATION,HPXML_DOC_CONFIRMED,VARIES_BY_SUBTYPE,,PENDING_LOCAL_XML_TRANSLATOR_AUDIT,Do not add to source-normalized technical evidence. Supply catalog cannot infer installed-building state.,https://openstudio-hpxml.readthedocs.io/en/latest/workflow_inputs.html
geothermal_water_source_heat_pump,SCENARIO_ASSEMBLY,,SCENARIO_ASSEMBLY,HeatPump,ground-to-air,SystemIdentifier,SCENARIO_INPUT_NOT_SUPPLY_OBSERVATION,HPXML_DOC_CONFIRMED,VARIES_BY_SUBTYPE,,PENDING_LOCAL_XML_TRANSLATOR_AUDIT,Do not add to source-normalized technical evidence. Supply catalog cannot infer installed-building state.,https://openstudio-hpxml.readthedocs.io/en/latest/workflow_inputs.html
geothermal_water_source_heat_pump,SCENARIO_ASSEMBLY,,SCENARIO_ASSEMBLY,HeatPump,ground-to-air,HeatPumpType,SCENARIO_INPUT_NOT_SUPPLY_OBSERVATION,HPXML_DOC_CONFIRMED,VARIES_BY_SUBTYPE,,PENDING_LOCAL_XML_TRANSLATOR_AUDIT,Do not add to source-normalized technical evidence. Supply catalog cannot infer installed-building state.,https://openstudio-hpxml.readthedocs.io/en/latest/workflow_inputs.html
geothermal_water_source_heat_pump,SCENARIO_ASSEMBLY,,SCENARIO_ASSEMBLY,HeatPump,ground-to-air,DistributionSystem,SCENARIO_INPUT_NOT_SUPPLY_OBSERVATION,HPXML_DOC_CONFIRMED,VARIES_BY_SUBTYPE,,PENDING_LOCAL_XML_TRANSLATOR_AUDIT,Do not add to source-normalized technical evidence. Supply catalog cannot infer installed-building state.,https://openstudio-hpxml.readthedocs.io/en/latest/workflow_inputs.html
geothermal_water_source_heat_pump,SCENARIO_ASSEMBLY,,SCENARIO_ASSEMBLY,HeatPump,ground-to-air,FractionHeatLoadServed,SCENARIO_INPUT_NOT_SUPPLY_OBSERVATION,HPXML_DOC_CONFIRMED,VARIES_BY_SUBTYPE,,PENDING_LOCAL_XML_TRANSLATOR_AUDIT,Do not add to source-normalized technical evidence. Supply catalog cannot infer installed-building state.,https://openstudio-hpxml.readthedocs.io/en/latest/workflow_inputs.html
geothermal_water_source_heat_pump,SCENARIO_ASSEMBLY,,SCENARIO_ASSEMBLY,HeatPump,ground-to-air,FractionCoolLoadServed,SCENARIO_INPUT_NOT_SUPPLY_OBSERVATION,HPXML_DOC_CONFIRMED,VARIES_BY_SUBTYPE,,PENDING_LOCAL_XML_TRANSLATOR_AUDIT,Do not add to source-normalized technical evidence. Supply catalog cannot infer installed-building state.,https://openstudio-hpxml.readthedocs.io/en/latest/workflow_inputs.html
geothermal_water_source_heat_pump,SCENARIO_ASSEMBLY,,SCENARIO_ASSEMBLY,HeatPump,ground-to-air,AttachedToGeothermalLoop,SCENARIO_INPUT_NOT_SUPPLY_OBSERVATION,HPXML_DOC_CONFIRMED,VARIES_BY_SUBTYPE,,PENDING_LOCAL_XML_TRANSLATOR_AUDIT,Do not add to source-normalized technical evidence. Supply catalog cannot infer installed-building state.,https://openstudio-hpxml.readthedocs.io/en/latest/workflow_inputs.html
