key,kind,h2k_locator,hpxml_declared_locator,h2k_units,hpxml_units,h2k_example_count,hpxml_example_count,status
house_volume,numeric,"HouseFile,House,NaturalAirInfiltration,Specifications,House,@volume","HPXML,Building,BuildingDetails,Enclosure,AirInfiltration,AirInfiltrationMeasurement,InfiltrationVolume",m3,ft3,0,0,CANDIDATE_ONLY
air_leakage_ach,numeric,"HouseFile,House,NaturalAirInfiltration,Specifications,BlowerTest,@airChangeRate","HPXML,Building,BuildingDetails,Enclosure,AirInfiltration,AirInfiltrationMeasurement,BuildingAirLeakage,AirLeakage",,,0,0,CANDIDATE_ONLY
ag_heated_floor_area,numeric,"HouseFile,House,Specifications,HeatedFloorArea,@aboveGrade","HPXML,Building,BuildingDetails,BuildingSummary,BuildingConstruction,ConditionedFloorArea",m2,ft2,0,0,CANDIDATE_ONLY
bg_heated_floor_area,numeric,"HouseFile,House,Specifications,HeatedFloorArea,@belowGrade","HPXML,Building,BuildingDetails,BuildingSummary,BuildingConstruction,ConditionedFloorArea",m2,ft2,0,0,CANDIDATE_ONLY
common_space_area,numeric,"HouseFile,House,Specifications,HeatedFloorArea,@commonSpace","~HPXML,Building,BuildingDetails,BuildingSummary,BuildingConstruction,ConditionedFloorArea",m2,ft2,0,0,CANDIDATE_ONLY
non_res_unit_area,numeric,"HouseFile,House,Specifications,HeatedFloorArea,@nonResUnits","~HPXML,Building,BuildingDetails,BuildingSummary,BuildingConstruction,ConditionedFloorArea",m2,ft2,0,0,CANDIDATE_ONLY
murb_num_building_storeys,numeric,"HouseFile,House,Specifications,NumberOf,@storeysInBuilding","~HPXML,Building,BuildingDetails,BuildingSummary,BuildingConstruction,XXX",,,0,0,CANDIDATE_ONLY
murb_num_dwelling_units,numeric,"HouseFile,House,Specifications,NumberOf,@dwellingUnits","~HPXML,Building,BuildingDetails,BuildingSummary,BuildingConstruction,XXX",,,0,0,CANDIDATE_ONLY
murb_num_non_res_units,numeric,"HouseFile,House,Specifications,NumberOf,@nonResUnits","~HPXML,Building,BuildingDetails,BuildingSummary,BuildingConstruction,XXX",,,0,0,CANDIDATE_ONLY
murb_num_units_visited,numeric,"HouseFile,House,Specifications,NumberOf,@storeysInBuilding","~HPXML,Building,BuildingDetails,BuildingSummary,BuildingConstruction,XXX",,,0,0,CANDIDATE_ONLY
num_bedrooms,numeric,"HouseFile,House,Ventilation,Rooms,@bedrooms","HPXML,Building,BuildingDetails,BuildingSummary,BuildingConstruction,NumberofBedrooms",,,0,0,CANDIDATE_ONLY
num_bathrooms,numeric,"HouseFile,House,Ventilation,Rooms,@bathrooms","HPXML,Building,BuildingDetails,BuildingSummary,BuildingConstruction,NumberofBathrooms",,,0,0,CANDIDATE_ONLY
wall_absorptance,numeric,"HouseFile,House,Specifications,WallColour,@value","HPXML,Building,BuildingDetails,Enclosure,Walls,Wall,SolarAbsorptance",,,0,0,CANDIDATE_ONLY
wall_r_value,numeric,"Construction,Type,@rValue","HPXML,Building,BuildingDetails,Enclosure,Walls,Wall,Insulation,AssemblyEffectiveRValue",RSI,R,0,0,CANDIDATE_ONLY
wall_height,numeric,"Measurements,@height","~HPXML,Building,BuildingDetails,Enclosure,Walls,Wall,Area",m,ft,0,0,CANDIDATE_ONLY
wall_perimeter,numeric,"Measurements,@perimeter","~HPXML,Building,BuildingDetails,Enclosure,Walls,Wall,Area",m,ft,0,0,CANDIDATE_ONLY
murb_common_wall_area,numeric,"HouseFile,House,NaturalAirInfiltration,Specifications,CommonSurfaceWall,@surfaceWall","~HPXML,Building,BuildingDetails,Enclosure,Walls,Wall,Area",m2,ft2,0,0,CANDIDATE_ONLY
exp_floor_r_value,numeric,"Construction,Type,@rValue","HPXML,Building,BuildingDetails,Enclosure,Floors,Floor,Insulation,AssemblyEffectiveRValue",RSI,R,0,0,CANDIDATE_ONLY
exp_floor_area,numeric,"Measurements,@area","HPXML,Building,BuildingDetails,Enclosure,Floors,Floor,Area",m2,ft2,0,0,CANDIDATE_ONLY
murb_common_floor_area,numeric,"HouseFile,House,NaturalAirInfiltration,Specifications,CommonSurfaceFloor,@surfaceFloor","~HPXML,Building,BuildingDetails,Enclosure,Floors,Floor,Area",m2,ft2,0,0,CANDIDATE_ONLY
door_r_value,numeric,"Construction,Type,@value","HPXML,Building,BuildingDetails,Enclosure,Doors,Door,RValue",RSI,R,0,0,CANDIDATE_ONLY
door_height,numeric,"Measurements,@height","~HPXML,Building,BuildingDetails,Enclosure,Doors,Door,Area",m,ft,0,0,CANDIDATE_ONLY
door_width,numeric,"Measurements,@width","~HPXML,Building,BuildingDetails,Enclosure,Doors,Door,Area",m,ft,0,0,CANDIDATE_ONLY
floor_header_r_value,numeric,"Construction,Type,@rValue","HPXML,Building,BuildingDetails,Enclosure,RimJoists,RimJoist,Insulation,AssemblyEffectiveRValue",RSI,R,0,0,CANDIDATE_ONLY
floor_header_height,numeric,"Measurements,@height","~HPXML,Building,BuildingDetails,Enclosure,RimJoists,RimJoist,Area",m,ft,0,0,CANDIDATE_ONLY
floor_header_perimeter,numeric,"Measurements,@perimeter","~HPXML,Building,BuildingDetails,Enclosure,RimJoists,RimJoist,Area",m,ft,0,0,CANDIDATE_ONLY
window_r_value,numeric,"Construction,Type,@rValue","HPXML,Building,BuildingDetails,Enclosure,Windows,Window,UFactor",RSI,R,0,0,CANDIDATE_ONLY
window_shgc,numeric,@shgc,"HPXML,Building,BuildingDetails,Enclosure,Windows,Window,SHGC",,,0,0,CANDIDATE_ONLY
window_height,numeric,"Measurements,@height","~HPXML,Building,BuildingDetails,Enclosure,Windows,Window,Area",mm,ft,0,0,CANDIDATE_ONLY
window_width,numeric,"Measurements,@width","~HPXML,Building,BuildingDetails,Enclosure,Windows,Window,Area",mm,ft,0,0,CANDIDATE_ONLY
window_header_height,numeric,"Measurements,@headerHeight","~HPXML,Building,BuildingDetails,Enclosure,Windows,Window,Area",m,ft,0,0,CANDIDATE_ONLY
window_overhang_width,numeric,"Measurements,@overhangWidth","~HPXML,Building,BuildingDetails,Enclosure,Windows,Window,Area",m,ft,0,0,CANDIDATE_ONLY
window_count,numeric,@number,"~HPXML,Building,BuildingDetails,Enclosure,Windows,Window",,,0,0,CANDIDATE_ONLY
roof_absorptance,numeric,"HouseFile,House,Specifications,RoofColour,@value","HPXML,Building,BuildingDetails,Enclosure,Roofs,Roof,SolarAbsorptance",,,0,0,CANDIDATE_ONLY
roof_pitch_value,numeric,"Measurements,Slope,@value","HPXML,Building,BuildingDetails,Enclosure,Roofs,Roof,Pitch",,,0,0,CANDIDATE_ONLY
ceiling_area,numeric,"Measurements,@area","HPXML,Building,BuildingDetails,Enclosure,Roofs,Roof,Area",m2,ft2,0,0,CANDIDATE_ONLY
murb_common_ceiling_area,numeric,"HouseFile,House,NaturalAirInfiltration,Specifications,CommonSurfaceCeiling,@surfaceCeiling","~HPXML,Building,BuildingDetails,Enclosure,Floors,Floor,Area",m2,ft2,0,0,CANDIDATE_ONLY
ceiling_length,numeric,"Measurements,@length","~HPXML,Building,BuildingDetails,Enclosure,Roofs,Roof,Area",m,ft,0,0,CANDIDATE_ONLY
ceiling_r_value,numeric,"Construction,CeilingType,@rValue","HPXML,Building,BuildingDetails,Enclosure,Floors,Floor,Insulation,AssemblyEffectiveRValue",RSI,R,0,0,CANDIDATE_ONLY
sloped_roof_sheathing_r_value,numeric,"SlopedRoof,SheatingMaterial,@value","HPXML,Building,BuildingDetails,Enclosure,Roofs,Roof,Insulation,AssemblyEffectiveRValue",RSI,R,6,0,CANDIDATE_ONLY
sloped_roof_material_r_value,numeric,"SlopedRoof,RoofingMaterial,@value","HPXML,Building,BuildingDetails,Enclosure,Roofs,Roof,Insulation,AssemblyEffectiveRValue",RSI,R,0,0,CANDIDATE_ONLY
gable_ends_sheathing_r_value,numeric,"GableEnds,SheatingMaterial,@value","HPXML,Building,BuildingDetails,Enclosure,Walls,Wall,Insulation,AssemblyEffectiveRValue",RSI,R,6,0,CANDIDATE_ONLY
gable_ends_exterior_r_value,numeric,"GableEnds,ExteriorMaterial,@value","HPXML,Building,BuildingDetails,Enclosure,Walls,Wall,Insulation,AssemblyEffectiveRValue",RSI,R,0,0,CANDIDATE_ONLY
foundation_floor_area,numeric,"Floor,Measurements,@area","HPXML,Building,BuildingDetails,Enclosure,Slabs,Slab,Area",m2,ft2,0,0,CANDIDATE_ONLY
foundation_perimeter,numeric,"Floor,Measurements,@perimeter","~HPXML,Building,BuildingDetails,Enclosure,Slabs,Slab,Area",m,ft,0,0,CANDIDATE_ONLY
foundation_exp_perimeter,numeric,@exposedSurfacePerimeter,"~HPXML,Building,BuildingDetails,Enclosure,Slabs,Slab,Area",m,ft,0,0,CANDIDATE_ONLY
foundation_width,numeric,"Floor,Measurements,@width","~HPXML,Building,BuildingDetails,Enclosure,Slabs,Slab,Area",m,ft,0,0,CANDIDATE_ONLY
foundation_length,numeric,"Floor,Measurements,@length","~HPXML,Building,BuildingDetails,Enclosure,Slabs,Slab,Area",m,ft,0,0,CANDIDATE_ONLY
foundation_height,numeric,"Wall,Measurements,@height","~HPXML,Building,BuildingDetails,Enclosure,FoundationWalls,FoundationWall,Height",m,ft,0,0,CANDIDATE_ONLY
foundation_depth,numeric,"Wall,Measurements,@depth","~HPXML,Building,BuildingDetails,Enclosure,FoundationWalls,FoundationWall,DepthBelowGrade",m,ft,0,0,CANDIDATE_ONLY
pony_wall_height,numeric,"Wall,Measurements,@ponyWallHeight","~HPXML,Building,BuildingDetails,Enclosure,Walls,Wall,Area",m,ft,0,0,CANDIDATE_ONLY
composite_nom_r_value,numeric,@nominalInsulation,"HPXML,Building,BuildingDetails,Enclosure,FoundationWalls,FoundationWall,Insulation,AssemblyEffectiveRValue",RSI,R,0,0,CANDIDATE_ONLY
slab_r_value,numeric,"Floor,Construction,AddedToSlab,@rValue","HPXML,Building,BuildingDetails,Enclosure,Slabs,Slab,UnderSlabInsulation,Layer,NominalRValue",RSI,R,0,0,CANDIDATE_ONLY
slab_skirt_r_value,numeric,"Wall,RValues,@skirt","HPXML,Building,BuildingDetails,Enclosure,Slabs,Slab,UnderSlabInsulation,Layer,NominalRValue",RSI,R,0,0,CANDIDATE_ONLY
floors_above_foundation_rval,numeric,"Floor,Construction,FloorsAbove,@rValue","HPXML,Building,BuildingDetails,Enclosure,Floors,Floor,Insulation,AssemblyEffectiveRValue",RSI,R,0,0,CANDIDATE_ONLY
dryer_exhaust_flowrate,numeric,"HouseFile,House,Ventilation,SupplementalVentilatorList,Dryer,@exhaustFlowrate","HPXML,Building,BuildingDetails,Appliances,ClothesDryer,VentedFlowRate",L/s,cfm,0,0,CANDIDATE_ONLY
baseboard_capacity,numeric,"Specifications,OutputCapacity,@value","HPXML,Building,BuildingDetails,Systems,HVAC,HVACPlant,HeatingSystem,HeatingCapacity",kW,BTU/h,19,4,CANDIDATE_ONLY
baseboard_sizing_factor,numeric,"Specifications,@sizingFactor","HPXML,Building,BuildingDetails,Systems,HVAC,HVACPlant,HeatingSystem,extension,HeatingAutosizingFactor",,,19,11,CANDIDATE_ONLY
baseboard_efficiency,numeric,"Specifications,@efficiency","HPXML,Building,BuildingDetails,Systems,HVAC,HVACPlant,HeatingSystem,AnnualHeatingEfficiency,Value",%,fraction,19,11,CANDIDATE_ONLY
furnace_capacity,numeric,"Specifications,OutputCapacity,@value","HPXML,Building,BuildingDetails,Systems,HVAC,HVACPlant,HeatingSystem,HeatingCapacity",kW,BTU/h,19,4,CANDIDATE_ONLY
furnace_sizing_factor,numeric,"Specifications,@sizingFactor","HPXML,Building,BuildingDetails,Systems,HVAC,HVACPlant,HeatingSystem,extension,HeatingAutosizingFactor",,,19,11,CANDIDATE_ONLY
furnace_efficiency,numeric,"Specifications,@efficiency","HPXML,Building,BuildingDetails,Systems,HVAC,HVACPlant,HeatingSystem,AnnualHeatingEfficiency,Value",%,fraction,19,11,CANDIDATE_ONLY
furnace_pilot_light,numeric,"Specifications,@pilotLight","HPXML,Building,BuildingDetails,Systems,HVAC,HVACPlant,HeatingSystem,Furnace,extension,PilotLightBtuh",MJ/day,BTU/h,16,0,CANDIDATE_ONLY
furnace_flue_diameter,numeric,"Specifications,@flueDiameter","HPXML,Building,BuildingDetails,Enclosure,AirInfiltration,extension,HasFlueOrChimneyInConditionedSpace",mm,in,16,0,CANDIDATE_ONLY
ac_sizing_factor,numeric,"Specifications,@sizingFactor","HPXML,Building,BuildingDetails,Systems,HVAC,HVACPlant,CoolingSystem,extension,CoolingAutosizingFactor",,,19,9,CANDIDATE_ONLY
ac_cooling_efficiency,numeric,"Specifications,Efficiency,@value","HPXML,Building,BuildingDetails,Systems,HVAC,HVACPlant,CoolingSystem,AnnualCoolingEfficiency",fraction,fraction,15,9,CANDIDATE_ONLY
ac_capacity,numeric,"Specifications,RatedCapacity,@value","HPXML,Building,BuildingDetails,Systems,HVAC,HVACPlant,CoolingSystem,HeatingCapacity",kW,BTU/h,15,0,CANDIDATE_ONLY
setpoint_heating_day,numeric,"HouseFile,House,Temperatures,MainFloors,@daytimeHeatingSetPoint","HPXML,Building,BuildingDetails,Systems,HVAC,HVACControl,SetpointTempHeatingSeason",C,F,19,11,CANDIDATE_ONLY
setpoint_cooling_day,numeric,"HouseFile,House,Temperatures,MainFloors,@coolingSetPoint","HPXML,Building,BuildingDetails,Systems,HVAC,HVACControl,SetpointTempCoolingSeason",C,F,19,11,CANDIDATE_ONLY
setpoint_heating_night,numeric,"HouseFile,House,Temperatures,MainFloors,@nighttimeHeatingSetPoint","HPXML,Building,BuildingDetails,Systems,HVAC,HVACControl,SetbackTempHeatingSeason",C,F,19,11,CANDIDATE_ONLY
setback_heating_duration,numeric,"HouseFile,House,Temperatures,MainFloors,@nighttimeSetbackDuration","HPXML,Building,BuildingDetails,Systems,HVAC,HVACControl,TotalSetbackHoursperWeekHeating",,,19,11,CANDIDATE_ONLY
water_faucet_flow_rate,numeric,"HouseFile,House,BaseLoads,WaterUsage,BathroomFaucets,@value","HPXML,Building,BuildingDetails,Systems,WaterHeating,WaterFixture,FlowRate",L/min,gpm_us,0,11,CANDIDATE_ONLY
shower_head_flow_rate,numeric,"HouseFile,House,BaseLoads,WaterUsage,Shower,FlowRate,@value","HPXML,Building,BuildingDetails,Systems,WaterHeating,WaterFixture,FlowRate",L/min,gpm_us,0,11,CANDIDATE_ONLY
total_daily_hot_water,numeric,"HouseFile,House,BaseLoads,Summary,@hotWaterLoad","HPXML,Building,BuildingDetails,Systems,WaterHeating,WaterFixture,extention,WaterFixtureUsageMultiplier",L,gal_us,19,0,CANDIDATE_ONLY
clothes_washer_cycles_per_occ_week,numeric,"HouseFile,House,BaseLoads,WaterUsage,ClothesWasher,@numberPerOccupantPerWeek","~HPXML,Building,BuildingDetails,Appliances,ClothesWasher,LabelUsage",,,0,0,CANDIDATE_ONLY
dishwasher_cycles_per_occ_week,numeric,"HouseFile,House,BaseLoads,WaterUsage,DishWasher,@numberPerOccupantPerWeek","~HPXML,Building,BuildingDetails,Appliances,Dishwasher,LabelUsage",,,0,0,CANDIDATE_ONLY
other_hot_water_use,numeric,"HouseFile,House,BaseLoads,WaterUsage,@otherHotWaterUse","~HPXML,Building,BuildingDetails,Systems,WaterHeating,WaterFixture,extension,WaterFixtureUsageMultiplier",L,gal_us,19,0,CANDIDATE_ONLY
hot_water_tank_volume,numeric,"TankVolume,@value","HPXML,Building,BuildingDetails,Systems,WaterHeating,WaterHeatingSystem,TankVolume",L,gal_us,19,11,CANDIDATE_ONLY
combo_tank_volume,numeric,"ComboTankAndPump,TankCapacity,@value","HPXML,Building,BuildingDetails,Systems,WaterHeating,WaterHeatingSystem,TankVolume",L,gal_us,0,11,CANDIDATE_ONLY
hot_water_load_fraction,numeric,@fraction,"HPXML,Building,BuildingDetails,Systems,WaterHeating,WaterHeatingSystem,FractionDHWLoadServed",fraction,fraction,0,11,CANDIDATE_ONLY
hot_water_heating_capacity,numeric,"EnergyFactor,@inputCapacity","HPXML,Building,BuildingDetails,Systems,WaterHeating,WaterHeatingSystem,HeatingCapacity",W,BTU/h,19,2,CANDIDATE_ONLY
hot_water_energy_factor,numeric,"EnergyFactor,@value","HPXML,Building,BuildingDetails,Systems,WaterHeating,WaterHeatingSystem,EnergyFactor",fraction,fraction,19,11,CANDIDATE_ONLY
hot_water_heat_pump_cop,numeric,@heatPumpCoefficient,"HPXML,Building,BuildingDetails,Systems,WaterHeating,WaterHeatingSystem,EnergyFactor",fraction,fraction,0,11,CANDIDATE_ONLY
hot_water_flue_diameter,numeric,@flueDiameter,"HPXML,Building,BuildingDetails,Enclosure,AirInfiltration,extension,HasFlueOrChimneyInConditionedSpace",mm,in,0,0,CANDIDATE_ONLY
hot_water_standby_heat_loss,numeric,"EnergyFactor,@standbyHeatLoss","HPXML,Building,BuildingDetails,Systems,WaterHeating,WaterHeatingSystem,EnergyFactor",W,W,0,11,CANDIDATE_ONLY
hot_water_standby_thermal_efficiency,numeric,"EnergyFactor,@thermalEfficiency","HPXML,Building,BuildingDetails,Systems,WaterHeating,WaterHeatingSystem,EnergyFactor",%,fraction,0,11,CANDIDATE_ONLY
hot_water_standby_input_capacity,numeric,"EnergyFactor,@inputCapacity","HPXML,Building,BuildingDetails,Systems,WaterHeating,WaterHeatingSystem,EnergyFactor",W,W,19,11,CANDIDATE_ONLY
hot_water_temperature,numeric,"HouseFile,House,BaseLoads,WaterUsage,@temperature","HPXML,Building,BuildingDetails,Systems,WaterHeating,WaterHeatingSystem,HotWaterTemperature",C,F,19,11,CANDIDATE_ONLY
hot_water_temperature_adv_uspec,numeric,"HouseFile,House,BaseLoads,AdvancedUserSpecified,@hotWaterTemperature","HPXML,Building,BuildingDetails,Systems,WaterHeating,WaterHeatingSystem,HotWaterTemperature",C,F,0,11,CANDIDATE_ONLY
heat_pump_heating_efficiency,numeric,"Specifications,HeatingEfficiency,@value","HPXML,Building,BuildingDetails,Systems,HVAC,HVACPlant,HeatPump,AnnualHeatingEfficiency",fraction,fraction,1,2,CANDIDATE_ONLY
heat_pump_cooling_efficiency,numeric,"Specifications,CoolingEfficiency,@value","HPXML,Building,BuildingDetails,Systems,HVAC,HVACPlant,HeatPump,AnnualCoolingEfficiency",fraction,fraction,1,2,CANDIDATE_ONLY
heat_pump_capacity,numeric,"Specifications,OutputCapacity,@value","HPXML,Building,BuildingDetails,Systems,HVAC,HVACPlant,HeatPump,HeatingCapacity",kW,BTU/h,19,2,CANDIDATE_ONLY
heat_pump_switchover_temp,numeric,"Temperature,CutoffType,@value","HPXML,Building,BuildingDetails,Systems,HVAC,HVACPlant,HeatPump,BackupHeatingSwitchoverTemperature",C,F,1,0,CANDIDATE_ONLY
cooling_sensible_heat_fraction,numeric,"CoolingParameters,@sensibleHeatRatio","HPXML,Building,BuildingDetails,Systems,HVAC,HVACPlant,HeatPump,CoolingSensibleHeatFraction",,,16,1,CANDIDATE_ONLY
dwhr_efficiency,numeric,@effectivenessAt9.5,"HPXML,Building,BuildingDetails,Systems,WaterHeating,HotWaterDistribution,DrainWaterHeatRecovery,Efficiency",%,fraction,0,0,CANDIDATE_ONLY
p9_heating_capacity,numeric,@spaceHeatingCapacity,"HPXML,Building,BuildingDetails,Systems,HVAC,HVACPlant,HeatingSystem,HeatingCapacity",W,BTU/h,0,4,CANDIDATE_ONLY
p9_tpf,numeric,@thermalPerformanceFactor,"HPXML,Building,BuildingDetails,Systems,HVAC,HVACPlant,HeatingSystem,AnnualHeatingEfficiency",fraction,fraction,0,11,CANDIDATE_ONLY
p9_composite_heating_eff,numeric,@spaceHeatingEfficiency,"HPXML,Building,BuildingDetails,Systems,HVAC,HVACPlant,HeatingSystem,AnnualHeatingEfficiency",%,fraction,0,11,CANDIDATE_ONLY
p9_water_heating_performance_factor,numeric,@waterHeatingPerformanceFactor,"HPXML,Building,BuildingDetails,Systems,WaterHeating,WaterHeatingSystem,EnergyFactor",fraction,fraction,0,11,CANDIDATE_ONLY
suppl_heating_pilot_light,numeric,"Specifications,@pilotLight","HPXML,Building,BuildingDetails,Systems,HVAC,HVACPlant,HeatingSystem,Furnace,extension,PilotLightBtuh",MJ/day,BTU/h,16,0,CANDIDATE_ONLY
suppl_heating_capacity,numeric,"Specifications,OutputCapacity,@value","HPXML,Building,BuildingDetails,Systems,HVAC,HVACPlant,HeatingSystem,HeatingCapacity",kW,BTU/h,19,4,CANDIDATE_ONLY
suppl_heating_efficiency,numeric,"Specifications,@efficiency","HPXML,Building,BuildingDetails,Systems,HVAC,HVACPlant,HeatingSystem,AnnualHeatingEfficiency,Value",%,fraction,19,11,CANDIDATE_ONLY
suppl_heating_flue_diameter,numeric,"Specifications,Flue,@diameter","HPXML,Building,BuildingDetails,Enclosure,AirInfiltration,extension,HasFlueOrChimneyInConditionedSpace",mm,in,8,0,CANDIDATE_ONLY
suppl_heating_area_heated,numeric,"Specifications,LocationHeated,@value","HPXML,Building,BuildingDetails,Systems,HVAC,HVACPlant,HeatingSystem,extension,FractionHeatLoadServed",m2,ft2,8,0,CANDIDATE_ONLY
additional_opening_flue_diameter,numeric,@flueDiameter,"HPXML,Building,BuildingDetails,Enclosure,AirInfiltration,extension,HasFlueOrChimneyInConditionedSpace",mm,in,0,0,CANDIDATE_ONLY
whole_house_vent_schedule,numeric,"HouseFile,House,Ventilation,WholeHouse,OperationSchedule,@value","HPXML,Building,BuildingDetails,Systems,MechanicalVentilation,VentilationFans,VentilationFan,HoursInOperation",min,h,0,0,CANDIDATE_ONLY
ventilator_exhaust_flowrate,numeric,@exhaustFlowrate,"HPXML,Building,BuildingDetails,Systems,MechanicalVentilation,VentilationFans,VentilationFan,RatedFlowRate",L/s,cfm,0,0,CANDIDATE_ONLY
ventilator_supply_flowrate,numeric,@supplyFlowrate,"HPXML,Building,BuildingDetails,Systems,MechanicalVentilation,VentilationFans,VentilationFan,RatedFlowRate",L/s,cfm,0,0,CANDIDATE_ONLY
ventilator_fan_power,numeric,@fanPower1,"HPXML,Building,BuildingDetails,Systems,MechanicalVentilation,VentilationFans,VentilationFan,FanPower",W,W,0,0,CANDIDATE_ONLY
hrv_efficiency,numeric,@efficiency1,"HPXML,Building,BuildingDetails,Systems,MechanicalVentilation,VentilationFans,VentilationFan,SensibleRecoveryEfficiency",%,fraction,0,9,CANDIDATE_ONLY
supplemental_vent_schedule,numeric,"OperationSchedule,@value","HPXML,Building,BuildingDetails,Systems,MechanicalVentilation,VentilationFans,VentilationFan,HoursInOperation",min,h,0,0,CANDIDATE_ONLY
ventilation_requirement_achnat,numeric,"HouseFile,House,Ventilation,Requirements,@ach","HPXML,Building,BuildingDetails,Enclosure,AirInfiltration,AirInfiltrationMeasurement,BuildingAirLeakage,AirLeakage",,,0,0,CANDIDATE_ONLY
pv_inverter_efficiency,numeric,"Efficiency,@inverterEfficiency","HPXML,Building,BuildingDetails,Systems,Photovoltaics,Inverter,InverterEfficiency",%,fraction,0,0,CANDIDATE_ONLY
pv_module_efficiency,numeric,"Module,@efficiency","HPXML,Building,BuildingDetails,Systems,Photovoltaics,PVSystem,MaxPowerOutput",%,fraction,0,0,CANDIDATE_ONLY
pv_array_tilt,numeric,"Array,@slope","HPXML,Building,BuildingDetails,Systems,Photovoltaics,PVSystem,ArrayAzimuth",fraction,fraction,0,0,CANDIDATE_ONLY
pv_array_azimuth,numeric,"Array,@azimuth","HPXML,Building,BuildingDetails,Systems,Photovoltaics,PVSystem,ArrayAzimuth",fraction,fraction,0,0,CANDIDATE_ONLY
pv_array_area,numeric,"Array,@area","HPXML,Building,BuildingDetails,Systems,Photovoltaics,PVSystem,MaxPowerOutput",m2,m2,0,0,CANDIDATE_ONLY
pv_array_misc_losses,numeric,"Efficiency,@miscellaneousLosses","HPXML,Building,BuildingDetails,Systems,Photovoltaics,PVSystem,SystemLossesFraction",%,fraction,0,0,CANDIDATE_ONLY
pv_array_other_losses,numeric,"Efficiency,@otherPowerLosses","HPXML,Building,BuildingDetails,Systems,Photovoltaics,PVSystem,SystemLossesFraction",%,fraction,0,0,CANDIDATE_ONLY
building_type,selection,"HouseFile,House,Specifications,@buildingType",N/A,,,0,0,CANDIDATE_ONLY
azimuth_of_home,selection,"HouseFile,House,Specifications,FacingDirection,English","HPXML,Building,BuildingDetails,BuildingSummary,Site,AzimuthOfFrontOfHome",,,0,0,CANDIDATE_ONLY
window_direction,selection,"Window,FacingDirection,English","HPXML,Building,BuildingDetails,Enclosure,Windows,Window,Azimuth",,,0,0,CANDIDATE_ONLY
shielding_of_home,selection,"HouseFile,House,NaturalAirInfiltration,Specifications,LocalShielding,Walls,English","HPXML,Building,BuildingDetails,BuildingSummary,Site,ShieldingofHome",,,0,0,CANDIDATE_ONLY
ground_conductivity,selection,"HouseFile,House,Specifications,SoilCondition,English","HPXML,Building,BuildingDetails,BuildingSummary,Site,extension,GroundConductivity",,,0,0,CANDIDATE_ONLY
res_facility_type,selection,"HouseFile,House,Specifications,HouseType,English","HPXML,Building,BuildingDetails,BuildingSummary,BuildingConstruction,ResidentialFacilityType",,,0,0,CANDIDATE_ONLY
num_ag_storeys,selection,"HouseFile,House,Specifications,Storeys,English","HPXML,Building,BuildingDetails,BuildingSummary,BuildingConstruction,NumberofConditionedFloorsAboveGrade",,,0,0,CANDIDATE_ONLY
roof_pitch,selection,"Measurements,Slope,English","HPXML,Building,BuildingDetails,Enclosure,Roofs,Roof,Pitch",,,0,0,CANDIDATE_ONLY
roof_material,selection,"HouseFile,House,Specifications,RoofCavity,SlopedRoof,RoofingMaterial,English","HPXML,Building,BuildingDetails,Enclosure,Roofs,Roof,RoofType",,,0,0,CANDIDATE_ONLY
basement_heated,selection,"HouseFile,House,Temperatures,Basement,@heated","HPXML,Building,BuildingDetails,Enclosure,Foundations,Foundation,FoundationType,Basement,Conditioned",,,19,0,CANDIDATE_ONLY
crawlspace_heated,selection,"HouseFile,House,Temperatures,Crawlspace,@heated","HPXML,Building,BuildingDetails,Enclosure,Foundations,Foundation,FoundationType,Crawlspace,Conditioned",,,19,0,CANDIDATE_ONLY
foundation_rectangular,selection,"Floor,Measurements,@isRectangular","HPXML,Building,BuildingDetails,Enclosure,Foundations,Foundation,FoundationType,Basement,Conditioned",,,0,0,CANDIDATE_ONLY
crawlspace_vented,selection,"VentilationType,English","HPXML,Building,BuildingDetails,Enclosure,Foundations,Foundation,FoundationType,Crawlspace,Conditioned",,,0,0,CANDIDATE_ONLY
code_selector_window_glazing,selection,"Layers,GlazingType,@code","HPXML,Building,BuildingDetails,Enclosure,Windows,Window,GlassLayers",,,0,0,CANDIDATE_ONLY
code_selector_window_frame_mat,selection,"Layers,FrameMaterial,@code","HPXML,Building,BuildingDetails,Enclosure,Windows,Window,FrameType",,,0,0,CANDIDATE_ONLY
code_selector_window_thermal_break,selection,"Layers,SpacerType,@code","HPXML,Building,BuildingDetails,Enclosure,Windows,Window,FrameType",,,0,0,CANDIDATE_ONLY
code_selector_window_coat_tint,selection,"Layers,CoatingsTint,@code","HPXML,Building,BuildingDetails,Enclosure,Windows,Window,GlassType",,,0,0,CANDIDATE_ONLY
code_selector_window_gas_fill,selection,"Layers,FillType,@code","HPXML,Building,BuildingDetails,Enclosure,Windows,Window,GasFill",,,0,0,CANDIDATE_ONLY
furnace_fuel_type,selection,"Equipment,EnergySource,English","HPXML,Building,BuildingDetails,Systems,HVAC,HVACPlant,HeatingSystem,HeatingSystemFuel",,,16,11,CANDIDATE_ONLY
furnace_equip_type,selection,"Equipment,EquipmentType,English","HPXML,Building,BuildingDetails,Systems,HVAC,HVACPlant,HeatingSystem,HeatingSystemType",,,16,11,CANDIDATE_ONLY
hot_water_tank_type,selection,"TankType,English","HPXML,Building,BuildingDetails,Systems,WaterHeating,WaterHeatingSystem,WaterHeaterType",,,19,11,CANDIDATE_ONLY
hot_water_fuel_type,selection,"EnergySource,English","HPXML,Building,BuildingDetails,Systems,WaterHeating,WaterHeatingSystem,FuelType",,,19,11,CANDIDATE_ONLY
hot_water_tank_location,selection,"TankLocation,English","HPXML,Building,BuildingDetails,Systems,WaterHeating,WaterHeatingSystem,Location",,,19,11,CANDIDATE_ONLY
hot_water_uef_draw_pattern,selection,"DrawPattern,English","HPXML,Building,BuildingDetails,Systems,WaterHeating,WaterHeatingSystem,UsageBin",,,0,0,CANDIDATE_ONLY
heat_pump_switchover_type,selection,"Temperature,CutoffType,English","HPXML,Building,BuildingDetails,Systems,HVAC,HVACPlant,HeatPump,BackupHeatingSwitchoverTemperature",,,1,0,CANDIDATE_ONLY
air_heat_pump_equip_type,selection,"Equipment,Type,English","HPXML,Building,BuildingDetails,Systems,HVAC,HVACPlant,HeatPump,HeatPumpType",,,9,2,CANDIDATE_ONLY
p9_fuel_type,selection,"P9,TestData,EnergySource,English","HPXML,Building,BuildingDetails,Systems,HVAC,HVACPlant,HeatingSystem,HeatingSystemFuel",,,0,11,CANDIDATE_ONLY
suppl_heating_equip_type,selection,"Equipment,Type,English","HPXML,Building,BuildingDetails,Systems,HVAC,HVACPlant,HeatingSystem,HeatingSystemType",,,9,11,CANDIDATE_ONLY
base_ventilator_type,selection,"VentilatorType,English","HPXML,Building,BuildingDetails,Systems,MechanicalVentilation,VentilationFans,VentilationFan,FanLocation",,,0,0,CANDIDATE_ONLY
pv_module_type,selection,"Module,Type,English","HPXML,Building,BuildingDetails,Systems,Photovoltaics,PVSystem,ModuleType",,,0,0,CANDIDATE_ONLY
